{
    "fatjet": {
        "pt": 4.67101654e+02,
        "eta": -1.08559728e+00
    },
    "subjet0": {
        "DL1r_pu": 5.64821839e-01,
        "DL1r_pc": 2.99109995e-01,
        "DL1r_pb": 1.36068135e-01
    },
    "subjet1": {
        "DL1r_pu": 6.41294539e-01,
        "DL1r_pc": 2.94820100e-01,
        "DL1r_pb": 6.38853759e-02
    },
    "subjet2": {
        "DL1r_pu": 6.60360038e-01,
        "DL1r_pc": 2.91640133e-01,
        "DL1r_pb": 4.79998440e-02
    }

}
